大连二手房,https://dl.lianjia.com/ershoufang/
上饶二手房,https://sr.lianjia.com/ershoufang/
丹东二手房,https://dd.lianjia.com/ershoufang/
廊坊二手房,https://lf.lianjia.com/ershoufang/
常德二手房,https://changde.lianjia.com/ershoufang/
天津二手房,https://tj.lianjia.com/ershoufang/
沈阳二手房,https://sy.lianjia.com/ershoufang/
潍坊二手房,https://wf.lianjia.com/ershoufang/
绵阳二手房,https://mianyang.lianjia.com/ershoufang/
佛山二手房,https://fs.lianjia.com/ershoufang/
达州二手房,https://dazhou.lianjia.com/ershoufang/
镇江二手房,https://zj.lianjia.com/ershoufang/
柳州二手房,https://liuzhou.lianjia.com/ershoufang/
上海二手房,https://sh.lianjia.com/ershoufang/
石家庄二手房,https://sjz.lianjia.com/ershoufang/
南通二手房,https://nt.lianjia.com/ershoufang/
北京二手房,https://bj.lianjia.com/ershoufang/
安庆二手房,https://aq.lianjia.com/ershoufang/
黄石二手房,https://huangshi.lianjia.com/ershoufang/
汉中二手房,https://hanzhong.lianjia.com/ershoufang/
台州二手房,https://taizhou.lianjia.com/ershoufang/
厦门二手房,https://xm.lianjia.com/ershoufang/
重庆二手房,https://cq.lianjia.com/ershoufang/
太原二手房,https://ty.lianjia.com/ershoufang/
三亚二手房,https://san.lianjia.com/ershoufang/
新乡二手房,https://xinxiang.lianjia.com/ershoufang/
泉州二手房,https://quanzhou.lianjia.com/ershoufang/
马鞍山二手房,https://mas.lianjia.com/ershoufang/
株洲二手房,https://zhuzhou.lianjia.com/ershoufang/
嘉兴二手房,https://jx.lianjia.com/ershoufang/
西安二手房,https://xa.lianjia.com/ershoufang/
郑州二手房,https://zz.lianjia.com/ershoufang/
淄博二手房,https://zb.lianjia.com/ershoufang/
赣州二手房,https://ganzhou.lianjia.com/ershoufang/
温州二手房,https://wz.lianjia.com/ershoufang/
济南二手房,https://jn.lianjia.com/ershoufang/
杭州二手房,https://hz.lianjia.com/ershoufang/
南宁二手房,https://nn.lianjia.com/ershoufang/
深圳二手房,https://sz.lianjia.com/ershoufang/
襄阳二手房,https://xy.lianjia.com/ershoufang/
