安庆,https://aq.lianjia.com/
滁州,https://cz.fang.lianjia.com/
合肥,https://hf.lianjia.com/
马鞍山,https://mas.lianjia.com/
芜湖,https://wuhu.lianjia.com/
北京,https://bj.lianjia.com/
重庆,https://cq.lianjia.com/
福州,https://fz.lianjia.com/
龙岩,https://ly.fang.lianjia.com/
泉州,https://quanzhou.lianjia.com/
厦门,https://xm.lianjia.com/
漳州,https://zhangzhou.lianjia.com/
东莞,https://dg.lianjia.com/
佛山,https://fs.lianjia.com/
广州,https://gz.lianjia.com/
惠州,https://hui.lianjia.com/
江门,https://jiangmen.lianjia.com/
清远,https://qy.lianjia.com/
深圳,https://sz.lianjia.com/
珠海,https://zh.lianjia.com/
湛江,https://zhanjiang.lianjia.com/
中山,https://zs.lianjia.com/
贵阳,https://gy.lianjia.com/
北海,https://bh.lianjia.com/
桂林,https://gl.lianjia.com/
柳州,https://liuzhou.lianjia.com/
南宁,https://nn.lianjia.com/
兰州,https://lz.lianjia.com/
黄石,https://huangshi.lianjia.com/
黄冈,https://hg.fang.lianjia.com/
武汉,https://wh.lianjia.com/
襄阳,https://xy.lianjia.com/
咸宁,https://xn.fang.lianjia.com/
宜昌,https://yichang.lianjia.com/
长沙,https://cs.lianjia.com/
常德,https://changde.lianjia.com/
岳阳,https://yy.lianjia.com/
株洲,https://zhuzhou.lianjia.com/
保定,https://bd.lianjia.com/
承德,https://chengde.fang.lianjia.com/
邯郸,https://hd.fang.lianjia.com/
衡水,https://hs.fang.lianjia.com/
廊坊,https://lf.lianjia.com/
秦皇岛,https://qhd.fang.lianjia.com/
石家庄,https://sjz.lianjia.com/
唐山,https://ts.lianjia.com/
邢台,https://xt.fang.lianjia.com/
张家口,https://zjk.lianjia.com/
保亭,https://bt.fang.lianjia.com/
澄迈,https://cm.fang.lianjia.com/
儋州,https://dz.fang.lianjia.com/
定安,https://da.fang.lianjia.com/
海口,https://hk.lianjia.com/
临高,https://lg.fang.lianjia.com/
乐东,https://ld.fang.lianjia.com/
陵水,https://ls.fang.lianjia.com/
琼海,https://qh.fang.lianjia.com/
琼中,https://qz.fang.lianjia.com/
三亚,https://san.lianjia.com/
五指山,https://wzs.fang.lianjia.com/
文昌,https://wc.fang.lianjia.com/
万宁,https://wn.fang.lianjia.com/
开封,https://kf.lianjia.com/
洛阳,https://luoyang.lianjia.com/
新乡,https://xinxiang.lianjia.com/
许昌,https://xc.lianjia.com/
郑州,https://zz.lianjia.com/
哈尔滨,https://hrb.lianjia.com/
常州,https://changzhou.lianjia.com/
淮安,https://ha.lianjia.com/
昆山,https://ks.lianjia.com/
南京,https://nj.lianjia.com/
南通,https://nt.lianjia.com/
苏州,https://su.lianjia.com/
无锡,https://wx.lianjia.com/
徐州,https://xz.lianjia.com/
盐城,https://yc.lianjia.com/
镇江,https://zj.lianjia.com/
长春,https://cc.lianjia.com/
吉林,https://jl.lianjia.com/
赣州,https://ganzhou.lianjia.com/
九江,https://jiujiang.lianjia.com/
吉安,https://jian.lianjia.com/
南昌,https://nc.lianjia.com/
上饶,https://sr.lianjia.com/
大连,https://dl.lianjia.com/
丹东,https://dd.lianjia.com/
沈阳,https://sy.lianjia.com/
呼和浩特,https://hhht.lianjia.com/
银川,https://yinchuan.lianjia.com/
上海,https://sh.lianjia.com/
成都,https://cd.lianjia.com/
德阳,https://dy.fang.lianjia.com/
达州,https://dazhou.lianjia.com/
乐山,https://leshan.fang.lianjia.com/
凉山,https://liangshan.lianjia.com/
绵阳,https://mianyang.lianjia.com/
眉山,https://ms.fang.lianjia.com/
南充,https://nanchong.lianjia.com/
济南,https://jn.lianjia.com/
临沂,https://linyi.lianjia.com/
青岛,https://qd.lianjia.com/
潍坊,https://wf.lianjia.com/
威海,https://weihai.lianjia.com/
烟台,https://yt.lianjia.com/
淄博,https://zb.lianjia.com/
宝鸡,https://baoji.lianjia.com/
汉中,https://hanzhong.lianjia.com/
西安,https://xa.lianjia.com/
咸阳,https://xianyang.lianjia.com/
晋中,https://jz.fang.lianjia.com/
太原,https://ty.lianjia.com/
天津,https://tj.lianjia.com/
大理,https://dali.fang.lianjia.com/
昆明,https://km.lianjia.com/
西双版纳,https://xsbn.fang.lianjia.com/
杭州,https://hz.lianjia.com/
湖州,https://huzhou.lianjia.com/
嘉兴,https://jx.lianjia.com/
金华,https://jh.lianjia.com/
宁波,https://nb.lianjia.com/
绍兴,https://sx.lianjia.com/
台州,https://taizhou.lianjia.com/
温州,https://wz.lianjia.com/
